boundary,mean_high,mean_low,t_value,p_value
west,27776447.930321284,16834929.142593183,2.5232989349484187,0.030608142243893095
south,35003337.388675556,32865786.407330107,0.2935049695036529,0.7774327631949274
